Date,Region,Temperature,Rainfall,CO2
2000-01-31,North,24.227789128605504,103.23111387806122,378.33639512720504
2000-02-29,North,25.73371517456019,86.67357612712402,381.3653642385211
2000-03-31,North,24.890876373406492,109.50052821052884,380.71791938723413
2000-04-30,North,24.94116181847373,98.78457503516435,379.8811150328114
2000-05-31,North,24.677884358361954,96.41265149412571,378.1353218426081
2000-06-30,North,24.807679658728325,110.370130844264,379.56347469087865
2000-07-31,North,26.40911309833375,95.04083640714613,378.6233873614168
2000-08-31,North,25.492878453691137,114.60955496683675,382.97080885923145
2000-09-30,North,26.860994697493897,86.4028376688713,382.93830088211536
2000-10-31,North,28.329450539661924,110.847784973142,383.014627985099
2000-11-30,North,25.804659033474397,116.57985461538105,384.27157007145644
2000-12-31,North,25.501055822537406,98.80872846971434,382.72733849447616
2001-01-31,North,27.158691108814825,96.06658878677544,378.2192351264345
2001-02-28,North,25.28637662111724,110.50426616791665,385.0753220681412
2001-03-31,North,25.462195665378427,97.79847678504933,383.14908371036745
2001-04-30,North,26.12027466600351,103.20867816206112,384.9487100571095
2001-05-31,North,25.592456495589097,123.22959969926181,384.6644888983485
2001-06-30,North,25.35286697966561,104.08290214449818,381.6313525873841
2001-07-31,North,25.360544853927532,120.69478123599743,383.3689645704951
2001-08-31,North,24.7264590393809,85.7832874815987,384.30789428650655
2001-09-30,North,26.327534782269144,85.92619807132408,384.0574455463009
2001-10-31,North,24.68428519198732,97.67277506853601,384.02397097288144
2001-11-30,North,26.962527503080086,97.18179786813388,386.0309661366047
2001-12-31,North,26.22026089689004,109.74380098633142,387.0810139897125
2002-01-31,North,26.546676498916153,102.96573313081062,383.3662424170523
2002-02-28,North,25.624339171830098,99.51667525784065,383.76229756390677
2002-03-31,North,26.862156909524032,101.27304561406734,384.4250581145851
2002-04-30,North,26.839979949718423,94.99085095271207,384.2829566968974
2002-05-31,North,26.122736642101973,101.89673622481259,383.37065252719793
2002-06-30,North,25.84922104003112,102.6988701264093,384.0793264830181
2002-07-31,North,24.675235257593698,95.91358784721903,386.9688906027602
2002-08-31,North,24.68751325820107,107.06949350397652,383.28504771489014
2002-09-30,North,26.74978503660017,78.86072682661367,383.97990247803324
2002-10-31,North,24.46473560406646,110.07400562319359,385.75593534971574
2002-11-30,North,24.181623550235937,103.78458888556537,386.65503485479417
2002-12-31,North,23.80209094416923,108.95911711401128,384.1476072067411
2003-01-31,North,26.819103617278913,118.41816629238221,389.0315795205838
2003-02-28,North,23.241459677414507,93.93458155078956,384.8191108660485
2003-03-31,North,25.76667039450821,93.57609510315682,388.8671942738505
2003-04-30,North,25.11770121532065,106.16813659135758,388.4589385021114
2003-05-31,North,24.25831981563954,75.90741918817335,385.6766749027153
2003-06-30,North,24.69104093932219,104.2955244273,386.6535598648891
2003-07-31,North,24.514437294216602,107.60630093495908,385.778158596056
2003-08-31,North,26.067406482316464,86.68344215007714,384.29642863198274
2003-09-30,North,24.262658227852924,103.8094948475754,392.6161248268295
2003-10-31,North,24.517838124820575,104.94871262027004,388.39022538215744
2003-11-30,North,24.392807567671966,104.70718976210202,386.2166555801837
2003-12-31,North,23.978451944123766,107.1813494533832,390.6490688486901
2004-01-31,North,24.57933828801345,101.6755207305563,388.89360673409266
2004-02-29,North,24.750205205782727,92.80436354567651,387.9233888264904
2004-03-31,North,22.220174165719857,102.29936874389185,385.4785554749085
2004-04-30,North,25.411005669357845,111.87316418550286,391.0426527538965
2004-05-31,North,23.87877027571696,99.47350568812281,388.11436907625716
2004-06-30,North,22.396722187388654,102.33630789031774,387.95755113894387
2004-07-31,North,25.352416903513927,81.25048851469661,388.5214299754628
2004-08-31,North,24.842139424070158,107.22960668248214,387.67911948095616
2004-09-30,North,25.044245428649507,103.74854084176657,391.55773902564323
2004-10-31,North,23.240805369030724,105.0288660476527,388.782402621996
2004-11-30,North,24.810562419509818,94.58503123283141,390.4504464790676
2004-12-31,North,22.83742308882041,97.50099465481443,393.56284857074826
2005-01-31,North,24.15945433111913,107.88699648247838,388.16627069100304
2005-02-28,North,25.028082970594593,111.17512093440567,393.2454400264201
2005-03-31,North,23.651300458093313,87.35778484634518,388.98174211331644
2005-04-30,North,25.52585702236835,95.2151072699162,390.9416544874122
2005-05-31,North,24.215825063178247,90.8588562478179,391.94072861053337
2005-06-30,North,23.054133113140175,81.22827351102795,391.26279451415934
2005-07-31,North,24.083727540249466,105.19216362912384,396.8549826681008
2005-08-31,North,23.89889085039987,93.97339725914843,391.2214948908941
2005-09-30,North,22.619719608889323,110.65425732393282,392.54935874090205
2005-10-31,North,25.194186333978955,84.62254043709368,388.4048788779637
2005-11-30,North,25.22897235258928,100.19724899481281,392.8593708591619
2005-12-31,North,23.1873652773788,98.0252620796434,393.91887903646295
2006-01-31,North,25.225250967806332,95.01854334963363,389.0961413383855
2006-02-28,North,24.460141609344838,101.86591767582281,397.11469177966774
2006-03-31,North,24.11908357595864,106.88294517696748,388.8128883041107
2006-04-30,North,25.179865380771915,93.83868010130067,391.28889163556005
2006-05-31,North,26.39497958975824,100.09238372006966,389.90875758090124
2006-06-30,North,25.878817610752844,100.70964913599013,397.48179925524045
2006-07-31,North,25.555249320665535,131.1691503400892,394.6726428809132
2006-08-31,North,24.2097526536863,116.76279798315045,393.6142329578055
2006-09-30,North,24.321210083941377,100.01768159002374,393.8061805920634
2006-10-31,North,25.395321270211845,96.47656074686265,392.0532076435182
2006-11-30,North,26.123267546680992,78.9243868964101,393.02019579131746
2006-12-31,North,25.693292954283603,114.85284907024271,394.4569003798662
2007-01-31,North,26.813381858040554,100.98565378805597,398.3660431964471
2007-02-28,North,24.45399957779761,105.28456553075296,393.33730479825346
2007-03-31,North,25.976269405736634,96.71181156262807,397.0978366958684
2007-04-30,North,25.330298259900143,122.66036451767333,392.6179950291485
2007-05-31,North,25.51355075102024,99.05675259327656,393.19446901358134
2007-06-30,North,24.821083460923035,106.57683401786068,397.02939804541876
2007-07-31,North,25.414728101576458,103.80432529967806,396.30529202140633
2007-08-31,North,26.16079355413275,101.81814574659725,395.0005302898579
2007-09-30,North,25.206305314472953,89.21718526281076,390.71637330784404
2007-10-31,North,27.632998637555417,98.18063470221068,397.8615797164381
2007-11-30,North,25.3805257354975,99.41931820300306,397.69945539939306
2007-12-31,North,25.65486756405611,100.84034154967897,397.94900588653627
2008-01-31,North,25.85138768715138,101.11209581645778,398.0017115023971
2008-02-29,North,25.66399950659087,110.2740847616696,397.5760036664622
2008-03-31,North,24.968471614121558,106.53971419555944,394.20397132737367
2008-04-30,North,24.66063163252396,99.4286649892828,401.01280187530364
2008-05-31,North,27.28552432995073,105.00819408388858,396.2133682347405
2008-06-30,North,28.433948329209496,102.03335055796381,398.62487037168603
2008-07-31,North,26.145891081394883,100.15866605363826,394.9422713461928
2008-08-31,North,24.878945024506017,100.14181757687307,396.70147356544294
2008-09-30,North,25.628094731544902,104.46055575794333,397.84205228347304
2008-10-31,North,26.295126632845207,115.23050603051782,400.14351766805567
2008-11-30,North,25.99226340858767,92.55869013507963,398.18343082443147
2008-12-31,North,24.584555151118977,102.34087985074973,394.9046255756613
2009-01-31,North,24.952973905350458,89.35695650211096,395.9313423924933
2009-02-28,North,25.162109379699196,103.7651842344458,391.1293626394314
2009-03-31,North,25.072530533186466,80.04437272505305,401.2144435801549
2009-04-30,North,26.379356794811414,91.72234853596491,402.8012384006145
2009-05-31,North,25.51243350108613,80.96692562792727,397.77945225895786
2009-06-30,North,25.18116820219008,106.47016988638511,399.27343881649466
2009-07-31,North,24.72990252380711,120.61782552505082,398.2129888828376
2009-08-31,North,24.191974671650723,102.21542736052052,401.7617702428088
2009-09-30,North,24.083616122719366,91.19216255459823,401.11082727871525
2009-10-31,North,23.39641877459623,100.05462159001758,398.4950449426963
2009-11-30,North,25.366692356183005,87.29920957781167,398.16526224651386
2009-12-31,North,25.351448403557608,95.21496074459276,397.95127484524136
2010-01-31,North,25.754133884596456,102.72286875142436,402.2381515013951
2010-02-28,North,23.30486489214951,100.455645475626,400.6954611964759
2010-03-31,North,24.99105120643812,103.44690047029397,400.72871065716936
2010-04-30,North,24.473387766611584,103.35302771888483,398.13797309674817
2010-05-31,North,22.573306585335747,94.34129894318767,399.95745069030045
2010-06-30,North,24.44393451290768,97.64350777392892,399.76662163768935
2010-07-31,North,25.555212327691812,99.76023883093345,401.843535627256
2010-08-31,North,25.179583482406258,99.59869558907815,400.7360171320603
2010-09-30,North,23.207673666182828,92.95588653394424,400.61041604045556
2010-10-31,North,22.23910583592267,104.3001591569186,401.7974644425609
2010-11-30,North,24.13915381474454,103.53826919541773,402.25626235477193
2010-12-31,North,24.551389493131715,101.02013831025417,403.32927212803713
2011-01-31,North,23.734683515965497,104.74418110991978,400.6389844740555
2011-02-28,North,24.76519169102814,105.73033497996758,404.2232968235288
2011-03-31,North,23.780104017641722,96.16359506448663,402.72953761501816
2011-04-30,North,24.119637395859105,92.79652212517883,405.64024559233854
2011-05-31,North,23.69192665897732,113.3700624999565,404.29740112266666
2011-06-30,North,23.540760835840228,77.63786081421573,401.8123033954939
2011-07-31,North,22.991603793707473,83.02118305293993,402.8689159314166
2011-08-31,North,24.16961964795589,85.58370732805048,402.6184767697719
2011-09-30,North,23.93118505341058,99.28451647928456,405.2146472817362
2011-10-31,North,25.15074001378579,92.24380252591634,403.9058669573254
2011-11-30,North,24.799105933631534,102.69689026787573,404.46323214620526
2011-12-31,North,24.160551861048113,115.73308296376263,403.994127546506
2012-01-31,North,23.93375118958268,95.55597348418141,408.5470875596647
2012-02-29,North,24.744455966001343,99.92683235734184,403.10495686549615
2012-03-31,North,25.518933438588924,95.21292920358006,401.2460995370384
2012-04-30,North,25.409065580778563,104.72853448290756,405.72165100610164
2012-05-31,North,26.412855967900338,89.77271440194713,408.60430472252904
2012-06-30,North,22.748549055981723,104.15927162338063,403.94988907339587
2012-07-31,North,24.185240990911762,103.42242317090022,403.132967479683
2012-08-31,North,25.204990621121894,87.69394476592856,405.8298486568565
2012-09-30,North,26.384701672304516,101.69604356680533,406.6023867124359
2012-10-31,North,23.333200958032915,101.62750987742119,407.1523011558071
2012-11-30,North,24.515162398933615,106.35470660267114,405.98885256741664
2012-12-31,North,24.647504801829214,100.933714157296,407.29704386603294
2013-01-31,North,26.466053291091413,85.95341381608777,404.0986756632536
2013-02-28,North,25.71715656831248,99.91435316750777,407.5090603975786
2013-03-31,North,25.652062482194683,109.2675964802815,405.851412037351
2013-04-30,North,27.190894300596028,102.6167702046371,401.3752611471454
2013-05-31,North,24.595680453112553,92.8253283020146,406.2108875980518
2013-06-30,North,26.054101685059866,90.46849377856674,407.2385159073693
2013-07-31,North,25.475563346284225,95.60364386218025,406.9834633231849
2013-08-31,North,25.764965741436438,112.04120009498061,405.5659605250714
2013-09-30,North,25.63191483171257,104.15892748584272,409.5289075211194
2013-10-31,North,26.187332864255314,105.13040564425548,405.2921005623047
2013-11-30,North,25.95111273924873,107.31879056507246,406.2692677885408
2013-12-31,North,24.260781671864176,96.18779312913914,408.61093540851374
2014-01-31,North,26.14034725521622,96.29548294441165,405.16950739059195
2014-02-28,North,25.34462068159832,103.09216772827008,407.2449594030646
2014-03-31,North,26.32118499263951,109.67951907749325,406.75799479084964
2014-04-30,North,27.605289947837523,82.0485237153986,408.7208065709188
2014-05-31,North,26.93772886544272,103.67976502020092,406.9206142951661
2014-06-30,North,24.727946866140574,101.66611804519667,408.82655929880684
2014-07-31,North,26.863385333993957,98.47554786091429,406.4494348393407
2014-08-31,North,25.93647733241766,117.77828794282601,409.144775804605
2014-09-30,North,24.55571032267495,114.23628707931171,406.5262437332115
2014-10-31,North,26.910141489151314,113.78109121952372,409.61197794289575
2014-11-30,North,25.389738211208353,109.26887145820916,411.7833348489431
2014-12-31,North,25.972959152477618,95.73060374258985,408.53073350431504
2015-01-31,North,26.193162695351713,89.3714948839201,409.5094150944553
2015-02-28,North,24.468177022086145,105.29576339325514,410.854874239763
2015-03-31,North,24.25095627458111,94.45180935892306,409.63182102381904
2015-04-30,North,23.169087274579578,90.73232616971325,409.5650740873479
2015-05-31,North,25.49992076499361,99.19618574980476,410.5918046728193
2015-06-30,North,24.71468571029972,87.94528484655991,414.27482507128747
2015-07-31,North,25.66305510614288,108.19811950796282,410.49006062224356
2015-08-31,North,24.732279297026896,107.84120790905934,407.1891869840366
2015-09-30,North,26.81956301222473,76.36487013842941,412.88204863661116
2015-10-31,North,26.037693777849107,89.04635024801355,415.3022968278713
2015-11-30,North,24.968223014854274,107.48082576438938,409.86896246340723
2015-12-31,North,25.66346492185861,130.01797251376752,412.67986529772435
2016-01-31,North,24.964689882949457,89.14643061690998,411.6830820609432
2016-02-29,North,24.805304323433415,104.29881429621831,412.90276054151514
2016-03-31,North,23.58413839726781,94.03201476678099,410.9924822473372
2016-04-30,North,24.13195987588143,100.19238766452054,412.853643206197
2016-05-31,North,24.245385767940117,93.64646470007943,409.06968822054614
2016-06-30,North,22.803703344650547,94.9587377651818,414.33165888613036
2016-07-31,North,23.996837158633802,101.15338088401022,412.6036822548669
2016-08-31,North,24.411174622171636,94.91546188008988,417.10715273320255
2016-09-30,North,25.039321888283325,108.08685756215188,412.9029148525447
2016-10-31,North,24.02803936545264,96.70224295665476,412.5366253986652
2016-11-30,North,22.229655266000172,98.96160402265302,412.56938423137547
2016-12-31,North,23.74664728326357,116.6266379184637,416.531840757748
2017-01-31,North,24.256429290881282,91.26150412734326,412.6854457447755
2017-02-28,North,25.271099712089,104.104581394225,415.3990627504626
2017-03-31,North,23.87400619659455,108.85889169155493,415.1781100217162
2017-04-30,North,24.67868342207867,99.01045605274976,414.43788269773967
2017-05-31,North,23.11807272221283,103.6214188473676,415.01597812576557
2017-06-30,North,23.787420024559317,93.87995294544642,412.2553689685233
2017-07-31,North,22.81612171967688,107.19088798904394,415.8178493554902
2017-08-31,North,24.28889093126398,105.83166979962274,414.45626918451296
2017-09-30,North,24.15901568628386,91.2591152255581,417.4320256179833
2017-10-31,North,24.099384649067346,90.66396464559323,418.95208304153283
2017-11-30,North,25.10084548394118,105.23916223919768,410.5044718051513
2017-12-31,North,22.400778996827686,102.78121802703387,416.9850262150886
2018-01-31,North,23.738537290019767,107.51132779227999,413.1262832613949
2018-02-28,North,25.656557534718036,108.34569909045615,415.708856675198
2018-03-31,North,26.725838674464548,105.54619963284499,417.0863524475226
2018-04-30,North,24.74570693808742,82.30364521002802,415.2252964487745
2018-05-31,North,24.85823535334421,103.17933290796127,415.6348987764746
2018-06-30,North,23.904810480828537,84.76652753952142,417.36452715359616
2018-07-31,North,24.263644395561776,109.42412109265327,414.3581863008755
2018-08-31,North,24.1270397123383,93.29782196266538,418.485050939992
2018-09-30,North,25.4818436113763,91.4363810647129,419.4513031321744
2018-10-31,North,25.457355126114816,106.34920294231723,412.73989383769697
2018-11-30,North,25.71961614272378,110.31369719991423,416.78328358449943
2018-12-31,North,25.121822534108755,96.90570275843922,413.0057318909315
2019-01-31,North,25.31865557856825,101.24462301166105,417.3659174307464
2019-02-28,North,24.88790583796536,105.65436135343788,417.76290830006485
2019-03-31,North,26.02485677227357,101.57507436356306,420.5274526852586
2019-04-30,North,27.023806587900026,109.26511412069149,415.9355730769998
2019-05-31,North,25.386536186886055,102.69159054231594,416.50009389873424
2019-06-30,North,24.632314225239202,112.9513993701157,417.29170898021215
2019-07-31,North,25.356439224341045,103.69625895802646,417.0648082671055
2019-08-31,North,25.02762515130765,98.86862668630765,418.99408262403
2019-09-30,North,25.695887316372765,119.79203760167731,422.6106745558047
2019-10-31,North,26.389108447937975,111.32882942183599,420.6832564112343
2019-11-30,North,25.22855279606965,112.27010377956603,418.7747161889084
2019-12-31,North,26.95961299087021,86.3929479819119,417.78888750221074
2020-01-31,North,25.446454417212852,121.83784848778629,421.28955847344736
2020-02-29,North,26.258693080531696,90.94912607533804,419.44042615986046
2020-03-31,North,26.509353830929285,93.4981576841578,421.92836305884157
2020-04-30,North,26.520411006391704,105.55237582077226,421.5173567491523
2020-05-31,North,27.160998034499542,81.3853851508824,422.1786255475031
2020-06-30,North,26.029216341738017,90.13131193035237,419.21106179210113
2020-07-31,North,26.663401761085954,83.00598495693524,421.4543730030897
2020-08-31,North,28.32027048661295,116.83019067311622,421.30087607794843
2020-09-30,North,26.60614681411169,80.0621270930281,416.9052980611014
2020-10-31,North,26.459903223632047,86.86528646352386,420.79872583399373
2020-11-30,North,26.06718102992919,100.4604125747201,419.43519097465844
2020-12-31,North,24.67035553190645,91.05118350848174,421.5375211671616
2021-01-31,North,25.65887820574239,105.48465154658517,422.86935422306374
2021-02-28,North,27.319340557127845,99.87944851247894,422.3697815094733
2021-03-31,North,23.812860316025574,115.14833019255529,423.18805250813506
2021-04-30,North,24.61159729725597,93.13201432850573,422.66321268519795
2021-05-31,North,25.492276203130405,102.68015542300064,421.8569662386623
2021-06-30,North,25.705021493230586,103.16084887778958,423.8912453912169
2021-07-31,North,24.790410457866685,86.36133741932463,422.73899268053543
2021-08-31,North,25.165792341893937,99.9852308776647,422.54782348408173
2021-09-30,North,25.778500753775663,107.34913677062129,422.7614986728448
2021-10-31,North,26.660666175103152,116.53297192590344,425.659371246169
2021-11-30,North,24.25943583686354,89.58306234341401,421.1331848331709
2021-12-31,North,25.811657871497783,102.76737554427791,425.15678886618207
2022-01-31,North,23.421202075892833,111.95441047165083,421.54836321628306
2022-02-28,North,25.01804062351303,95.82179753021218,426.298809399615
2022-03-31,North,23.464635983936063,94.94794840587734,424.4997434758943
2022-04-30,North,25.593008259338003,104.94784554885996,427.8302844970525
2022-05-31,North,23.27860024560262,85.92942642670656,425.26238695439434
2022-06-30,North,23.57430170360284,106.17649327056216,423.8669804760402
2022-07-31,North,24.241407647019365,107.92539851014472,424.3582076078863
2022-08-31,North,23.210337603250455,97.86405262457521,423.8706893140409
2022-09-30,North,25.52239055268775,100.35141115373952,424.6973945818868
2022-10-31,North,23.24992139587535,99.00668036344156,426.87426768925286
2022-11-30,North,22.523511065450194,87.96880429480457,426.8934602614749
2022-12-31,North,24.544625452072946,89.61184251143308,426.43125810947726
2023-01-31,North,24.73084624900917,118.41031783853535,428.02976949224364
2023-02-28,North,23.88171062570336,108.84649508073642,425.07396553811253
2023-03-31,North,23.673093139164717,89.02033630133805,426.4970844197948
2023-04-30,North,23.666294715568732,97.15957489809043,428.72348651263934
2023-05-31,North,23.497285827875046,98.56900159765603,427.1923108497535
2023-06-30,North,24.76599943064597,113.08289663910017,426.7444241062373
2023-07-31,North,24.052028664255122,92.34737853176047,426.42443938214393
2023-08-31,North,25.471712149138764,99.88532031573749,426.73619366593476
2023-09-30,North,26.02664603559048,109.65984213444531,431.17112238383055
2023-10-31,North,25.45739750655264,83.119731101225,426.8612429311243
2023-11-30,North,23.23139920793445,85.54218985063861,427.1739041546925
2023-12-31,North,22.83707380226318,98.8791950810788,427.8359276219989
2024-01-31,North,23.55582259081604,77.68086887982875,428.0557871307946
2024-02-29,North,23.75820918784858,103.82547659074388,424.08158558771595
2024-03-31,North,25.27739073378669,89.40568121320203,428.70670873756876
2024-04-30,North,24.309367156803447,120.2917642103573,429.565535183409
2024-05-31,North,24.133247514716015,85.40512343530145,426.4844578885868
2024-06-30,North,26.049648698311845,102.10650826605976,428.03138136785543
2024-07-31,North,25.103082853052317,119.35421237169646,425.5640776884976
2024-08-31,North,26.127624229249744,87.87965336938052,428.9437143390222
2024-09-30,North,26.577811899694108,94.04501297442259,429.2502059246504
2024-10-31,North,22.589647072924944,94.25906564049691,430.7643896290409
2024-11-30,North,23.528489516119283,111.64068835563063,431.5678854074926
2024-12-31,North,24.156189426247106,94.82295023590356,430.32121065102837
2000-01-31,South,25.789831572157393,110.0336725889117,382.69311210931767
2000-02-29,South,25.228029056117958,96.62919805370231,379.37888324221615
2000-03-31,South,25.450866165498642,93.87470417735338,382.40416544257573
2000-04-30,South,25.02348121138203,107.40000950950315,383.75694179075657
2000-05-31,South,25.787135333520194,96.96199186228506,383.53280932948184
2000-06-30,South,25.68626164966673,102.24512763838347,383.3728523974798
2000-07-31,South,24.90216701607587,96.8102769308255,379.3270444587236
2000-08-31,South,26.876251933137226,92.21378372712454,381.93602113346884
2000-09-30,South,25.596395786755146,98.05535288806276,380.87893557950923
2000-10-31,South,26.420270100194458,110.97717401877784,379.3977334911758
2000-11-30,South,24.809386015875557,101.64894235659108,381.87621512391695
2000-12-31,South,27.340433035001706,111.50256477559576,381.501330095793
2001-01-31,South,25.621819010603396,101.67188929682841,383.9004967440847
2001-02-28,South,25.129167312650896,101.3977321199183,384.2596552406298
2001-03-31,South,24.41873695768649,89.60486554999346,382.656654031823
2001-04-30,South,24.182279053952573,80.87109144159632,380.6197568267813
2001-05-31,South,23.817818369909695,107.36984305661862,381.2451506201933
2001-06-30,South,27.440132467599387,102.2498893056669,381.37556285648765
2001-07-31,South,27.023619271850247,94.24485472943344,384.70123946268865
2001-08-31,South,26.565500061044947,89.16436052111153,384.72628321587376
2001-09-30,South,25.460374837367418,104.67631879494134,383.9409526943126
2001-10-31,South,25.13783389607291,89.47632139789486,386.6950733540286
2001-11-30,South,25.390826890886256,109.46538451646104,384.61885172383074
2001-12-31,South,26.912447061012386,97.91627287545666,383.22602805197477
2002-01-31,South,25.13635640024684,97.1979885577282,382.5631637919523
2002-02-28,South,26.25520828923099,90.4998843513746,385.9084197709141
2002-03-31,South,26.578887126307016,101.78247392811483,387.4868170368755
2002-04-30,South,25.124177434567557,112.62295620131955,385.16086980838907
2002-05-31,South,23.59812537377046,108.96492491498583,386.0195538560611
2002-06-30,South,25.69154491617214,92.18321750202992,384.21233598926665
2002-07-31,South,26.108609296582937,116.30736793740914,385.75478046281904
2002-08-31,South,26.308776002484045,94.94605749440731,385.7488720095335
2002-09-30,South,26.403009463310617,87.72108892153527,386.63107835987097
2002-10-31,South,24.856248625645545,111.73150730309274,385.52749839120304
2002-11-30,South,22.832650018064417,110.43733364691379,386.91032715743927
2002-12-31,South,24.873515702085335,104.27976422541606,384.6242319406786
2003-01-31,South,23.92030421812556,92.17497588920122,384.81896256847216
2003-02-28,South,25.309726316061475,100.87363824729337,385.4014624655461
2003-03-31,South,24.052352031970543,103.02286296091607,383.0464425314417
2003-04-30,South,24.70135307387094,105.64580147180247,383.60766348532877
2003-05-31,South,25.19314827233807,93.9897807345369,383.73816702783256
2003-06-30,South,24.75936999542597,98.16536346302235,385.84639608257584
2003-07-31,South,24.533749427079247,96.79265031406719,387.8064163171427
2003-08-31,South,22.718833987692506,95.86901357748229,385.1681652161993
2003-09-30,South,25.19315369523295,102.57329740617065,388.2386960537669
2003-10-31,South,25.34432924368083,84.89275807100177,385.4359044472503
2003-11-30,South,22.158225240166352,93.62605740307242,387.0357987297438
2003-12-31,South,25.46971655260448,105.94469007096247,387.4889919480378
2004-01-31,South,23.86974838897274,113.23982081871532,389.30434175163424
2004-02-29,South,23.443228857603426,96.02462197769202,388.9966871973858
2004-03-31,South,23.600174494668188,96.70609493945508,389.0364110611072
2004-04-30,South,26.496544998902444,98.35726790232683,388.8409989685322
2004-05-31,South,24.394489512881293,98.38701788810272,389.2631193157491
2004-06-30,South,23.646721092290772,119.12557912677498,388.0001662413297
2004-07-31,South,25.147089736414195,84.74491373674608,387.99968772787906
2004-08-31,South,23.05018150908067,106.97501076619398,392.35268158892876
2004-09-30,South,24.76205429460091,96.03686343011083,389.25298308349466
2004-10-31,South,24.184316219686956,81.04397753181667,386.32739190132617
2004-11-30,South,22.732671644291955,97.86318667082773,389.4460003696967
2004-12-31,South,24.537244381019523,118.85023994113799,391.663896088202
2005-01-31,South,24.51499469273612,94.2457471888543,388.8680138565719
2005-02-28,South,25.046827128299153,111.54206268327842,391.0098632805454
2005-03-31,South,23.46747273784889,71.91597740715248,391.5919481184288
2005-04-30,South,23.08710955032551,79.70380838204431,391.24728894558535
2005-05-31,South,25.35366532327101,74.81192976528439,392.20395050970615
2005-06-30,South,23.987910142136496,90.20624947399867,391.4899077679806
2005-07-31,South,23.929971099515726,90.52035169953614,392.0874815239679
2005-08-31,South,23.770851864264298,96.39506496340944,390.4273051177792
2005-09-30,South,23.093906729730893,92.77524695604306,394.28200566321635
2005-10-31,South,23.623357189627164,104.17521509198718,390.6815893952136
2005-11-30,South,23.341007322859415,104.18958107078163,392.98772310157887
2005-12-31,South,25.294055580213286,111.72361206433764,391.72181315148543
2006-01-31,South,23.599433288626226,76.85568510075106,390.9805413434746
2006-02-28,South,25.277046555498988,108.4826130116625,390.9889493945815
2006-03-31,South,25.963340784622268,102.85683873782008,393.1673103983878
2006-04-30,South,24.702225386745067,108.1003238877985,394.27757717296896
2006-05-31,South,25.17827175427663,93.17730076937103,393.41704548626797
2006-06-30,South,25.34803643257149,91.66610488255162,392.6896069546355
2006-07-31,South,25.62391364754715,96.76041841616336,391.56307886800306
2006-08-31,South,24.994723988840335,96.33625694498173,398.57770430208666
2006-09-30,South,24.44453735069714,89.74418706571157,393.4791985598573
2006-10-31,South,25.331158548036523,84.41740203444135,394.6649648223342
2006-11-30,South,23.495241402729437,113.36493165780298,393.22234013119953
2006-12-31,South,25.43234617392742,114.78500938774636,395.8391090038325
2007-01-31,South,26.305556406372748,102.52352713648519,390.5159836070423
2007-02-28,South,25.32698959215198,90.31192798245993,391.1289369008954
2007-03-31,South,25.670671386590083,104.70259808489982,389.7241112635653
2007-04-30,South,25.521138905785506,87.91193689268681,394.0057091909145
2007-05-31,South,25.894518033740425,113.33517604784663,390.6155662264156
2007-06-30,South,22.870359180736514,78.42859429946478,399.776914389109
2007-07-31,South,25.353114786347867,102.42529175925495,396.37310008633915
2007-08-31,South,26.626424281451467,106.4023426211755,391.9237930402694
2007-09-30,South,25.628669714448883,95.09947416428969,398.06673503158396
2007-10-31,South,26.514520365822236,94.27499634129839,396.05258138990195
2007-11-30,South,26.044188147780698,98.10012751803085,395.97704252537574
2007-12-31,South,25.63954782394932,90.49903539379608,397.86735360418663
2008-01-31,South,27.02854372708289,102.27270554294218,397.1726355962459
2008-02-29,South,25.6221612235865,84.3678490265488,396.70896149981576
2008-03-31,South,25.451557504288857,91.40891620086232,396.55881976339555
2008-04-30,South,26.590394971110307,102.94573374273888,401.594088652377
2008-05-31,South,26.261702653774545,110.75245967373134,396.1371222180932
2008-06-30,South,26.01057629329631,119.3964714914314,397.4546119525174
2008-07-31,South,26.45278515978024,97.17444825614187,393.67034611135756
2008-08-31,South,25.275291071545976,102.37283717390964,396.7028099412363
2008-09-30,South,25.19635433698576,90.2533856056277,395.987644827509
2008-10-31,South,25.99191271441362,110.85841086316793,394.0244212209858
2008-11-30,South,26.47792024321078,99.16883680464181,399.17221504163274
2008-12-31,South,25.512415841064268,107.39337104052207,399.36398216841235
2009-01-31,South,23.941646521054384,101.10564764953041,400.2627993990924
2009-02-28,South,25.077362729133565,101.4564496533167,401.5424759918189
2009-03-31,South,26.128658066357243,95.50466695841457,397.84846285972975
2009-04-30,South,25.17258914712579,100.81543521741578,396.53007537722914
2009-05-31,South,26.64375830803188,113.80348038574776,400.60380341455436
2009-06-30,South,24.90250950174187,110.14685509912542,401.9647181476039
2009-07-31,South,26.097317149687935,85.00092058756448,400.39891415047737
2009-08-31,South,23.507672519247173,104.22348457735944,394.25920315850567
2009-09-30,South,24.029922240003405,100.77323678810423,399.6221117062624
2009-10-31,South,23.625975317714083,99.1280781899019,400.3143781716757
2009-11-30,South,25.11580931771873,98.89331463149561,396.12366546280225
2009-12-31,South,25.54262939684659,98.0362868790274,398.57184253918166
2010-01-31,South,23.143113099119375,92.77826496819212,400.77201111975285
2010-02-28,South,26.6629896898543,106.26826259704588,401.07765327069353
2010-03-31,South,24.832735252367414,96.41814760809743,398.3705012180017
2010-04-30,South,24.137926104058238,106.26265973573197,401.20441136712697
2010-05-31,South,24.650311565232684,92.02043027717377,399.4960172862268
2010-06-30,South,26.49356817840909,90.81385900961283,403.184235481961
2010-07-31,South,23.7583111245815,114.56071107648174,400.846265488716
2010-08-31,South,24.532561147248117,101.18263830555145,402.3285114358521
2010-09-30,South,25.043264020423457,113.39863908605604,402.9267871119146
2010-10-31,South,24.264928464696872,116.90393641206735,400.41096968563426
2010-11-30,South,24.108321695020777,78.64094876980104,401.502407407238
2010-12-31,South,24.316368306747524,96.36889458422702,399.1543639806934
2011-01-31,South,24.10388174672364,92.81337932548334,399.8427973440491
2011-02-28,South,23.953729900084603,94.34932266199826,402.2909792314782
2011-03-31,South,25.008089003872165,102.12959086953819,398.5450415832895
2011-04-30,South,24.830870490818413,108.21165728800072,405.41064390298055
2011-05-31,South,23.525139730242028,101.43705576458797,404.19045070836944
2011-06-30,South,25.845889563972225,120.82680894136718,405.8077830072397
2011-07-31,South,23.080733731541226,89.2511723563749,400.8860491255265
2011-08-31,South,25.042343533811994,101.1237834669448,404.15622915470567
2011-09-30,South,24.11265171593362,92.71742060073203,401.3785284402915
2011-10-31,South,23.839139152249007,90.15754662296881,402.32051562400954
2011-11-30,South,23.220586439993077,121.31429933640857,402.9177257516834
2011-12-31,South,24.26597591172257,93.15462570705742,405.0778844918198
2012-01-31,South,24.265000258796366,104.84363317803121,404.7798645814122
2012-02-29,South,26.59787848885171,97.73024621539354,404.2525570606438
2012-03-31,South,23.866874653021654,92.10424399494501,404.7562534726872
2012-04-30,South,24.037155776614757,107.76253372311974,407.29169826535747
2012-05-31,South,25.00093380925514,94.08460668199118,407.3927720669127
2012-06-30,South,25.1257427682324,114.67186598562438,406.3632096572193
2012-07-31,South,26.073603703105327,92.89249888662783,405.1082225035504
2012-08-31,South,25.831497395207766,90.93095468235795,405.5158473012182
2012-09-30,South,24.898878141201436,95.90169363140971,408.27168745325184
2012-10-31,South,23.29462951791462,117.54365629849397,406.27288229982383
2012-11-30,South,25.12093721884839,83.68643105215027,407.17880727708086
2012-12-31,South,25.37372467368501,96.38124403805281,406.4116926852534
2013-01-31,South,25.626633507530176,111.36249542483002,405.97910511268395
2013-02-28,South,26.623766645632077,101.6335302068286,406.5815307309455
2013-03-31,South,24.884337869788766,101.07398527799252,406.52784345800825
2013-04-30,South,26.481476786918893,100.49396458567878,408.7326146781825
2013-05-31,South,25.247417537937363,91.18916688215282,403.5181652154306
2013-06-30,South,25.52912515885913,107.72251391695256,409.4452774670248
2013-07-31,South,26.17654277309084,110.2485376635619,403.6221549494278
2013-08-31,South,26.760039877435702,98.59999184867885,404.2463588461718
2013-09-30,South,25.599706519847526,105.46433002521312,411.3846243740076
2013-10-31,South,24.797823052262043,103.18450447544114,406.8103845779948
2013-11-30,South,27.310268022394798,94.40256004825785,410.6136373795709
2013-12-31,South,25.26828577377706,96.21020082742201,406.8053063194031
2014-01-31,South,25.178086741500042,100.06002077644364,408.8813075944491
2014-02-28,South,25.039072655382885,112.28644596167756,408.8697796221702
2014-03-31,South,26.05606945837474,98.1947111315466,407.8039524353028
2014-04-30,South,27.149084004170547,94.6260402459301,407.264584327184
2014-05-31,South,25.917398815127285,107.34502260283213,405.7443481520827
2014-06-30,South,26.294795864534734,80.44175651210416,407.00622609822767
2014-07-31,South,26.610699511494865,110.08147245055537,406.579346212464
2014-08-31,South,26.424432392957076,87.64533658282156,407.9457448103607
2014-09-30,South,26.048631166324014,100.4153756163492,410.1607004356433
2014-10-31,South,26.055285059484923,101.6497075343461,410.73818848521006
2014-11-30,South,24.995882577773312,103.0651899427939,408.7910947171303
2014-12-31,South,25.178699031604847,95.02312585344875,412.05700695230814
2015-01-31,South,25.156389398000115,83.23375566530464,411.5756640447127
2015-02-28,South,27.575207600267255,80.15816890508903,411.2132899420168
2015-03-31,South,27.232009913147458,111.17580181139176,409.19829500463015
2015-04-30,South,25.398038114796492,101.5021309008133,407.0805663776362
2015-05-31,South,26.25545494577028,82.57049237017502,410.39677561909946
2015-06-30,South,24.03505182557288,90.63049535664582,409.6804702383497
2015-07-31,South,24.912807821647917,82.63329029943517,407.5779798207069
2015-08-31,South,25.934448164899568,102.05899156116178,412.3827720325766
2015-09-30,South,25.403124097838923,107.91082869358777,411.63586528381376
2015-10-31,South,25.58122262056067,96.06754335653736,412.717893302956
2015-11-30,South,24.968735745933998,94.54777149299215,412.19778990617687
2015-12-31,South,24.68704453716535,129.55726937943814,412.5315371524125
2016-01-31,South,26.024192278704263,108.03239567450731,415.0630477245361
2016-02-29,South,25.934775905806088,92.18340683032983,411.85336247342474
2016-03-31,South,23.879661654275168,87.21366834970439,410.72029762652
2016-04-30,South,25.63206111683265,113.67982803511582,414.75863414745527
2016-05-31,South,24.664478844142305,88.09609913530835,413.46489899486085
2016-06-30,South,24.088761820753767,92.72099806452967,410.09270237330185
2016-07-31,South,21.940632823739328,106.32229730935872,412.789728702132
2016-08-31,South,23.686545590217825,91.27381580035353,413.4727370731621
2016-09-30,South,24.933109888793854,101.48455394016597,413.9668030619208
2016-10-31,South,23.69821168166387,114.91749135364307,417.40341081184215
2016-11-30,South,23.29511582620494,99.91568378507317,417.394394145589
2016-12-31,South,25.495621136309136,93.10551323927227,414.88659797069204
2017-01-31,South,23.961299562211636,95.72822243163432,413.18315200755677
2017-02-28,South,24.10333512075571,82.2870965765034,412.1524088380094
2017-03-31,South,24.23847146234185,89.78391012026465,417.17784928578976
2017-04-30,South,22.695491237761747,73.98652728222325,411.50362254615555
2017-05-31,South,23.20677435524524,92.24321994660315,414.04432589220744
2017-06-30,South,22.351899700427936,101.36889212543917,417.3839821070691
2017-07-31,South,25.036111992666505,93.3572055511103,416.5752254800331
2017-08-31,South,23.641728534503606,97.39677001071138,412.6075969923463
2017-09-30,South,25.054561417908193,106.714120048648,412.74438766031494
2017-10-31,South,24.978026779014247,116.78288410145558,416.830512154296
2017-11-30,South,22.968367177835784,94.86398128823295,416.56403993767367
2017-12-31,South,23.8624803733562,102.87469315193239,414.42522024027886
2018-01-31,South,25.751709939939623,102.48910321133297,415.06376932107116
2018-02-28,South,25.374038770333915,93.82812056096614,414.8649969343837
2018-03-31,South,22.84762341452146,107.69765613665462,420.9382455303977
2018-04-30,South,24.001592473014462,111.27726201543462,415.50198491910845
2018-05-31,South,24.650288527561237,92.5679355843425,415.24862312111185
2018-06-30,South,25.464782403678562,113.97705247934766,416.44254596206844
2018-07-31,South,25.06656653265499,93.08410148940331,418.92898893317954
2018-08-31,South,24.284255605835263,96.35573032909049,416.67489339655634
2018-09-30,South,23.01052984413327,103.62902550582399,416.2599045316593
2018-10-31,South,23.816578408817286,98.33235910778558,417.4687000017917
2018-11-30,South,26.203192703023834,107.54247952149575,418.02274821175706
2018-12-31,South,25.428655703876014,85.0673304674542,415.6038440139268
2019-01-31,South,25.62374293073068,86.63912720705486,417.1706279241516
2019-02-28,South,25.368402265915826,96.53552434552621,420.80544180552613
2019-03-31,South,26.33963181571939,103.798630324093,416.40814954417914
2019-04-30,South,26.07663823916305,96.18436572038802,419.45454724521767
2019-05-31,South,25.18146048395485,107.52291234324636,417.53354079404045
2019-06-30,South,26.69938793100474,110.72003402573857,418.87681873972406
2019-07-31,South,24.845695442431744,89.9095546547804,421.78245792359695
2019-08-31,South,25.249200822539624,110.48521613604909,417.4812006076897
2019-09-30,South,26.434412534478767,83.48362217779726,420.3990459743669
2019-10-31,South,25.621425385544875,113.29519236684534,421.5556088123858
2019-11-30,South,25.29156058710748,107.20608609948651,419.05912680720985
2019-12-31,South,24.495719042285433,87.73491582203846,422.83330117324664
2020-01-31,South,25.658537784369702,94.83925889934764,423.05992677294375
2020-02-29,South,25.66895344169924,90.28604430706265,423.25424244073173
2020-03-31,South,23.6663140739825,88.91423672773057,422.33549672977705
2020-04-30,South,26.24575370806161,113.4274254769405,421.4075778200552
2020-05-31,South,25.84360886088615,97.89965709042391,420.1390990856079
2020-06-30,South,25.13217393710047,98.95485731695248,419.8471671866033
2020-07-31,South,26.493893488389844,102.64119170462536,420.4273778201528
2020-08-31,South,26.65205464776973,113.0893429795457,420.24743819176774
2020-09-30,South,27.491793866283952,118.55696859712046,420.4627646624019
2020-10-31,South,25.860805840347485,99.27982479824958,421.75096667898555
2020-11-30,South,25.415875469667334,84.84061769895108,421.5026198209056
2020-12-31,South,26.86604485680489,105.74215785784271,421.13493496021
2021-01-31,South,26.50811251134161,88.77363587471919,421.0096709997608
2021-02-28,South,25.95805736810483,94.64281237854381,423.43114953987026
2021-03-31,South,25.86375560106258,99.16930316304692,425.5652591323665
2021-04-30,South,25.36838491112877,101.39032235655154,424.2477533995964
2021-05-31,South,26.66108244447148,96.22099737020724,420.5414544456711
2021-06-30,South,26.399316380678986,98.9365182057094,421.80324758782007
2021-07-31,South,25.54579562576343,116.21200643270704,425.1987232323559
2021-08-31,South,24.56167177728972,94.30488299775678,424.32940646725956
2021-09-30,South,24.314429284314834,106.8641874323734,422.7895640722503
2021-10-31,South,24.052505430962004,89.30006417486645,424.1522361425534
2021-11-30,South,26.985168816892156,108.37545219097946,426.0251410084729
2021-12-31,South,23.574551301484085,128.27252071802644,424.40776211005266
2022-01-31,South,26.474820677054854,83.08073936310659,424.2089907112668
2022-02-28,South,22.27258071911907,103.22866407495992,424.27994035029144
2022-03-31,South,27.26510147929258,90.84631752131341,425.69666770387204
2022-04-30,South,25.23209651644649,98.3139734659711,425.2642921500749
2022-05-31,South,24.883115372147337,101.55458722649252,423.80491037229996
2022-06-30,South,25.837504983312854,85.5249682390551,427.37648941490056
2022-07-31,South,23.982480275286463,96.07302980187816,425.4241859703499
2022-08-31,South,24.07265254804524,101.89391109501787,426.1140296980549
2022-09-30,South,26.166426099071654,103.36624747695738,425.53518197668944
2022-10-31,South,24.282415278844447,84.0052904320775,426.3158240358725
2022-11-30,South,23.771852174101365,114.46010577920012,427.39614411685574
2022-12-31,South,24.45150184641903,101.96620213052321,429.0494087791671
2023-01-31,South,23.020056306352025,86.56295822187718,424.2831550401332
2023-02-28,South,25.00246537977698,104.40922714134513,429.7659712758774
2023-03-31,South,22.44151016515807,109.09581856826438,422.29966812777303
2023-04-30,South,23.570611845247367,99.12603806481556,428.04458538164533
2023-05-31,South,23.219196572877063,90.73290444421211,424.9646886942943
2023-06-30,South,23.6326750483954,95.24536200610719,424.6085144532932
2023-07-31,South,23.342049156028093,93.35017691337775,428.7789536523454
2023-08-31,South,25.528812025628934,97.9506401866203,430.7047815642411
2023-09-30,South,24.846865397156712,93.6643664845936,425.0023930392826
2023-10-31,South,24.430539696317663,94.09562503104723,423.913719223711
2023-11-30,South,24.029398093639944,102.97601790925404,429.0239084867237
2023-12-31,South,25.17643518601264,85.68442402312651,426.01599769849713
2024-01-31,South,22.573732490257036,102.44956508501411,428.9946048159322
2024-02-29,South,24.419550241942662,108.64529660864238,428.82247438588524
2024-03-31,South,24.79919931815842,79.6395132395725,427.76492522880204
2024-04-30,South,24.050985842867103,108.28662756343164,431.5647578473351
2024-05-31,South,24.792251360795838,115.44268265749439,428.74959850199747
2024-06-30,South,23.32942976760918,109.30744870132295,429.0934518974951
2024-07-31,South,23.879192225728257,92.54475911602,430.43667128328025
2024-08-31,South,24.155154868420507,113.08111763255954,429.4567278267749
2024-09-30,South,23.181267828908673,91.99083974382148,427.585711583297
2024-10-31,South,25.665641416474106,99.84749284607189,429.09506809786575
2024-11-30,South,25.95160912949903,111.87237284573871,430.6528126258389
2024-12-31,South,25.611784718607623,104.09474822435966,430.27903007865933
2000-01-31,East,26.45498566535911,106.31597234375911,378.7397278804745
2000-02-29,East,27.06022871054651,116.55152889950776,378.65674477026465
2000-03-31,East,25.889883165617636,92.05060935875096,379.4240402064172
2000-04-30,East,24.978687096575424,118.51442747115624,382.40525032147025
2000-05-31,East,25.998752741932126,105.38953641973876,382.8364634588688
2000-06-30,East,25.878373042473314,101.12658621227446,380.8649715279724
2000-07-31,East,26.24973193166731,93.25525960717786,382.9276749180572
2000-08-31,East,25.74435037403502,91.07218948866088,381.2890793101407
2000-09-30,East,26.792028067192216,86.97347586153681,382.5985792400053
2000-10-31,East,26.604778287394023,82.60384066131067,379.5001178942534
2000-11-30,East,26.248577391167593,103.92585859527983,384.5068227253756
2000-12-31,East,24.45377229162696,108.71376373498566,383.6131807266295
2001-01-31,East,27.85190834866716,86.639308693514,384.22170214717175
2001-02-28,East,25.98636976144101,92.41564396045376,378.8832192309766
2001-03-31,East,25.643867049760953,105.24051951095886,383.38501489265974
2001-04-30,East,26.297862270857582,98.4527333710466,382.53887385777386
2001-05-31,East,24.067988350377217,104.26851368565336,383.1299536345618
2001-06-30,East,26.55701321220622,112.07928585773536,382.20588288511675
2001-07-31,East,26.146652876684385,105.99081854677546,381.3519477892108
2001-08-31,East,27.366007728802042,91.79431075938577,385.87369695589416
2001-09-30,East,26.36743612758326,116.85024328757254,382.21102846730724
2001-10-31,East,26.686781389483144,109.95754191141803,382.5876186253705
2001-11-30,East,24.316279358003687,81.72450803717702,384.09981601670137
2001-12-31,East,25.88300929732565,75.10635264918255,383.4203278570332
2002-01-31,East,26.175020603322825,122.98142468151812,384.30305876839174
2002-02-28,East,25.785391268782316,116.01595868180871,383.19993103222794
2002-03-31,East,26.522745004862692,101.05227501701665,387.87696754777033
2002-04-30,East,25.451070439374952,101.86892361416302,379.90987144328335
2002-05-31,East,25.486234460184388,96.87732912380991,382.36362915214494
2002-06-30,East,25.82188584661205,126.74372794139009,385.54646914051887
2002-07-31,East,25.457804983570757,87.85405649123673,384.63710041976816
2002-08-31,East,24.26657544213911,120.93838431345137,387.0609033800383
2002-09-30,East,23.43335296451466,99.48124204240663,388.5463394618406
2002-10-31,East,26.22961626393096,84.02315787015617,387.82940495943654
2002-11-30,East,24.97452560928249,70.46847252381191,376.5814419104045
2002-12-31,East,26.095880599679855,101.61889902349007,386.6702148820748
2003-01-31,East,25.429782179410793,89.31929096672295,386.4982115682138
2003-02-28,East,23.987795299705997,110.12453377299667,386.7659071814693
2003-03-31,East,24.150963769393986,111.23902516248265,386.7413927770737
2003-04-30,East,24.626702254442147,106.53916610811655,387.27767308921506
2003-05-31,East,24.722474948415833,94.87130651070817,383.3751255696518
2003-06-30,East,24.433989682861924,98.20451917237246,386.7505463053245
2003-07-31,East,25.68177021641142,114.77302327970884,387.0919734905315
2003-08-31,East,25.70041327149413,101.75157644346626,389.89421861429037
2003-09-30,East,23.32381886647223,97.4241495652305,387.774677333816
2003-10-31,East,25.338704036780413,84.44748827824708,388.7270973259575
2003-11-30,East,25.18316009560822,112.71321113563802,386.9831692157485
2003-12-31,East,23.737817978698104,102.59874576554074,387.12585162785143
2004-01-31,East,23.554885701166572,81.72055583705642,388.090969179462
2004-02-29,East,24.06539659590746,96.47241986674968,390.6134986715196
2004-03-31,East,23.302319774647938,121.66169470344869,389.53942025094796
2004-04-30,East,24.574027851400096,92.44354262248326,388.1861674207809
2004-05-31,East,25.747780389653627,112.39541642424506,385.48782184555654
2004-06-30,East,25.091621900026606,100.68236757873701,387.8717566460569
2004-07-31,East,24.91275433459583,103.91500917131151,386.44827710288354
2004-08-31,East,26.026714048637697,93.66225014781583,391.0444590190398
2004-09-30,East,24.22087498828338,81.31658845288008,389.0377266894335
2004-10-31,East,23.27093449330108,87.31556216369816,390.90390170326407
2004-11-30,East,24.08100325419519,91.72080601776263,387.5735433999656
2004-12-31,East,24.761819768178153,83.78252056032814,387.6717381973988
2005-01-31,East,25.049292670259725,89.0249622290081,389.2175102512748
2005-02-28,East,23.744276699506976,93.97347175958205,388.6443632614483
2005-03-31,East,24.694603051023748,92.09371025936709,389.1928128626048
2005-04-30,East,25.09083351746649,99.88410336991674,392.4537444724833
2005-05-31,East,25.364700937412866,109.80676105860931,389.2503701372254
2005-06-30,East,23.62167414619685,121.08962265929954,390.2836149722568
2005-07-31,East,24.75215507735744,98.16360745050454,392.5451153533746
2005-08-31,East,23.76824225202807,86.20734580315882,390.6353185922908
2005-09-30,East,22.739384128113358,99.41735486180858,391.448695208088
2005-10-31,East,23.53958584597204,113.75916226035501,389.8466743561916
2005-11-30,East,25.770768180868966,116.64783337893651,390.21954630174645
2005-12-31,East,23.625297755486937,82.8344279993919,395.1487825052183
2006-01-31,East,25.17281470450048,97.61470030281991,389.66919445263596
2006-02-28,East,24.651225570755695,111.12345949249743,394.40701850353196
2006-03-31,East,25.681955085250266,99.44862260376607,392.2265799277076
2006-04-30,East,24.699550795683326,99.72246793619014,392.9866987108216
2006-05-31,East,25.19745597918779,83.26470326147933,394.97217067497303
2006-06-30,East,23.223218772820452,102.5449377441115,391.0041512508247
2006-07-31,East,26.246415114044673,100.4950891431721,394.31906271871316
2006-08-31,East,25.693673248847922,101.64366576316276,391.99424992269957
2006-09-30,East,24.413413980302565,106.53226210483014,390.4142101803087
2006-10-31,East,24.972197975589022,101.47043133186472,391.4074224206213
2006-11-30,East,24.929978961901398,88.73414180618127,390.680655499918
2006-12-31,East,27.141197129405313,81.84087741416754,389.8432368057108
2007-01-31,East,26.0687484652485,95.88642237055552,394.1629222084146
2007-02-28,East,26.99837506503216,97.43827174578013,395.7508150658101
2007-03-31,East,26.14026100456821,100.01675613819215,398.3520046547813
2007-04-30,East,24.376005495833503,96.52630959866559,397.1685749348124
2007-05-31,East,25.888182798856135,97.1105749704989,394.1248830750037
2007-06-30,East,27.249906474759342,91.76570934904608,395.34422315906545
2007-07-31,East,26.837927860406044,102.62716893331911,392.22252173974977
2007-08-31,East,26.394966589641925,84.85966468922038,393.15300762832567
2007-09-30,East,27.549005830631668,105.84334760010455,396.7157997267784
2007-10-31,East,24.859519152845877,101.01325687695073,396.14964412921296
2007-11-30,East,25.78426531936433,116.65564585987323,395.271768552974
2007-12-31,East,26.429254300726594,99.49102950166892,396.6707850102182
2008-01-31,East,25.069384820133834,94.43383606592468,397.36855092529186
2008-02-29,East,26.664274668988973,99.04514228716008,394.7070665963028
2008-03-31,East,25.61969605894419,106.87997968006265,397.1968721248255
2008-04-30,East,27.52193330425408,91.2977347590686,396.22422832282615
2008-05-31,East,26.119848294738368,102.40246894756538,396.7500270885867
2008-06-30,East,24.642794848497292,74.36319899136203,396.984498197603
2008-07-31,East,25.49366162744711,104.82465208052118,396.23896249670673
2008-08-31,East,24.554230562938287,107.82811338145953,400.86145665878774
2008-09-30,East,25.156708900569598,101.44765582861895,398.55786739679905
2008-10-31,East,26.18688367377074,92.38569497184508,398.8105305303568
2008-11-30,East,26.398381141777573,112.9939828314122,399.56842032004107
2008-12-31,East,26.830756710214647,94.26679408357047,395.88152975409406
2009-01-31,East,23.72061277863516,109.92089352418046,400.08913337696265
2009-02-28,East,25.58563292137669,112.02662254763143,398.06009309574694
2009-03-31,East,25.975156955762923,99.91285557719675,397.9879093004052
2009-04-30,East,26.69822918118648,100.93528809830987,399.1466676867051
2009-05-31,East,23.852854840768373,100.59381329346958,398.6221666438215
2009-06-30,East,24.815888913413463,109.80290155323142,399.4092171731052
2009-07-31,East,23.744481208809585,109.81948757728205,395.86573838449846
2009-08-31,East,24.755298725401662,85.49167432791604,402.16926019304816
2009-09-30,East,25.701604205575922,91.67928947762559,401.35994988886654
2009-10-31,East,25.007300507364164,99.47136292994288,402.65274859420015
2009-11-30,East,25.44676282876984,115.86046792489257,400.7759448288567
2009-12-31,East,25.865191298747863,102.71836142571621,400.2618240865322
2010-01-31,East,23.348897002856937,81.26514075055752,403.1786001899415
2010-02-28,East,22.639330946334116,101.09181639587771,396.1146678361954
2010-03-31,East,23.899839289185692,87.60730131462897,399.7808840369569
2010-04-30,East,23.739818643760206,102.90067138132139,401.19256901716045
2010-05-31,East,23.237097448431765,103.7014172703796,402.0402771361481
2010-06-30,East,24.676016273774355,96.78151505304295,397.7783707930721
2010-07-31,East,23.94146308687221,102.74451615648071,403.36865734919223
2010-08-31,East,24.699833535115516,105.31364921345457,402.37606779942104
2010-09-30,East,24.656211230849056,93.0276498576491,398.05446498818367
2010-10-31,East,21.760145173306316,110.71216052690484,401.1711296205171
2010-11-30,East,25.92174805342331,100.71365924282009,400.90681938904225
2010-12-31,East,24.06804590778926,112.19558263383313,401.5279102713253
2011-01-31,East,24.76157341681488,92.5480261179467,403.0226133836691
2011-02-28,East,23.962062401961344,98.4147405570926,403.51951094660956
2011-03-31,East,24.80770928079217,104.3806085790146,401.85908943264525
2011-04-30,East,24.386685608455632,94.64550652170375,403.4264077039042
2011-05-31,East,23.376317837568546,84.08738790284656,402.58305331831696
2011-06-30,East,22.962304177824677,93.21435727406805,402.7269185049081
2011-07-31,East,23.425335833950733,109.89785259706152,399.7583801589246
2011-08-31,East,22.50342677670406,106.94050980112203,407.637454759645
2011-09-30,East,24.34121629885994,129.3083849637007,399.2657806972742
2011-10-31,East,24.082966863117548,86.95441078581412,401.3553425718105
2011-11-30,East,23.809644334408738,88.81910039409715,403.53073589945495
2011-12-31,East,27.18557334852951,92.9124976359232,401.734818084156
2012-01-31,East,22.58300650232057,103.16111267251134,404.4554996494807
2012-02-29,East,24.640264986921867,107.08323615304364,403.5698012567546
2012-03-31,East,24.5913132170331,101.83868585398466,402.3140361392332
2012-04-30,East,24.397634705038776,110.24786594920576,404.2818996425019
2012-05-31,East,25.50961147381669,97.68702285466209,403.77960320360614
2012-06-30,East,23.808776171803206,105.47805937789347,405.2254668579413
2012-07-31,East,25.912381099817114,122.19077827514403,403.2160879148108
2012-08-31,East,24.318856373340314,102.76532094580466,402.6340543203062
2012-09-30,East,25.339694326626287,98.61348391117284,404.56549820799245
2012-10-31,East,26.936526412361204,85.40633375884521,405.6120642094569
2012-11-30,East,25.904840019290294,88.91472317999848,410.34767877278296
2012-12-31,East,24.36369756443916,93.32975064736031,406.95606034041174
2013-01-31,East,25.606717905609692,108.11373373500999,401.54742358187997
2013-02-28,East,24.75892452283482,89.50963401515573,406.75634505920743
2013-03-31,East,25.505594327707723,105.21858251515559,404.12216746451696
2013-04-30,East,25.052443042982397,97.36165736528763,407.5280414777219
2013-05-31,East,24.299721842260926,99.40906264685914,408.2855452184949
2013-06-30,East,27.57105484020012,114.03964973944376,402.9422620430375
2013-07-31,East,26.81970637940755,83.60754452210213,404.93147458412597
2013-08-31,East,26.71800341901289,99.68959753261733,406.3192907217823
2013-09-30,East,25.076921702637723,83.98367684511227,408.3938615952621
2013-10-31,East,27.731449691009992,102.51742377618844,411.62651759317134
2013-11-30,East,25.648136214593602,111.44576318394132,409.69322676039843
2013-12-31,East,26.45014059953268,100.49557533436285,408.45266341952527
2014-01-31,East,25.22222834172171,77.48319067566237,406.5825190843031
2014-02-28,East,26.606368858127063,92.09776092294653,407.7603483087345
2014-03-31,East,25.69035276659091,96.07343750416096,408.4077198246912
2014-04-30,East,24.954422040463676,90.28776113547185,408.0426638662508
2014-05-31,East,26.88006053425405,114.58444055847389,410.71442809760896
2014-06-30,East,25.214734177207013,91.3627588511498,410.01154536945216
2014-07-31,East,26.020171219585627,107.25300236289051,410.7545674479259
2014-08-31,East,26.157065268130125,98.80901859643714,407.3322370264027
2014-09-30,East,26.22982125641753,109.64306272187032,412.59897100391044
2014-10-31,East,27.171061432133627,112.2468502285501,410.5581480118185
2014-11-30,East,25.667964035864156,105.01687415292253,408.02607019385124
2014-12-31,East,24.927935422180425,101.24484514354788,409.42210809050175
2015-01-31,East,25.33988068686924,115.37726562370973,409.1100717003194
2015-02-28,East,25.583013526204457,87.36626991137942,410.62775423178243
2015-03-31,East,25.98297620597913,89.85260271214821,409.4007210141239
2015-04-30,East,25.23124627799098,88.20365743382779,409.7590756850817
2015-05-31,East,25.62309482370608,97.48294199305411,411.23118490132947
2015-06-30,East,25.022193974143388,92.13706010009749,410.75613851354257
2015-07-31,East,24.30038788448811,107.77408541149956,414.8748424628562
2015-08-31,East,23.45341560593678,101.50423646233097,412.7691244751524
2015-09-30,East,25.073135587623202,106.26702573504502,410.7199835598846
2015-10-31,East,24.263329301535325,91.25088564318337,409.42810678794046
2015-11-30,East,25.030330945440813,87.79558986106625,408.70204852629325
2015-12-31,East,26.36707328188982,91.097373994666,411.399102889917
2016-01-31,East,24.831206839426283,100.56429852709978,411.00755041202655
2016-02-29,East,23.16701927690746,96.38325138164252,414.546664969027
2016-03-31,East,24.487244204415394,94.03773188975063,409.8118993521432
2016-04-30,East,24.241908338942427,109.33086943796455,413.6743498597825
2016-05-31,East,24.206227958158284,103.3347011459251,410.8627801263624
2016-06-30,East,25.43502801960671,114.54037307136484,410.9164502523922
2016-07-31,East,25.414254526007444,90.07275753434942,413.16092662288173
2016-08-31,East,23.395127363553463,100.97837093359247,412.8402515375193
2016-09-30,East,21.534482572509447,101.03617341656314,414.2400132693299
2016-10-31,East,23.44419098213111,100.43606878961637,413.27689702503
2016-11-30,East,23.552805377137204,101.29302702904215,415.8633568215403
2016-12-31,East,24.20063096729447,126.96793988338584,412.32647758209055
2017-01-31,East,22.34852241391465,107.14131760389834,410.65554585261367
2017-02-28,East,23.411575653905835,86.57889960080745,412.07234560254744
2017-03-31,East,24.90243419536068,109.02321984358092,416.8210063553329
2017-04-30,East,24.847375132131432,101.65982597636872,415.9321388607795
2017-05-31,East,23.291814660145036,109.5631644458064,413.187432274091
2017-06-30,East,25.061745152586283,109.6659916329742,414.62171801701925
2017-07-31,East,23.701268222382858,110.65309059245523,413.34643003340034
2017-08-31,East,25.895693304095385,109.5466665334066,416.6368655072726
2017-09-30,East,23.26412258336305,123.8109522004316,415.4867891751741
2017-10-31,East,23.746589465926846,103.23367370755317,413.6514470201431
2017-11-30,East,21.141892364766253,99.01648766926694,415.47279945487645
2017-12-31,East,24.413907364837602,83.57769806029007,418.1603318550432
2018-01-31,East,23.524146141659703,90.81669321099562,415.1374227545707
2018-02-28,East,23.512057408242917,90.00205914633716,414.12669686118875
2018-03-31,East,25.58860084692981,116.46255222768308,414.08247000677636
2018-04-30,East,23.693233328955852,122.5240041424878,418.8305553907157
2018-05-31,East,25.427887641929193,81.93242748909312,415.0390253272683
2018-06-30,East,24.673269011876755,112.70087225711623,412.81747848762797
2018-07-31,East,23.703880351107617,114.22982853509657,417.38919167247315
2018-08-31,East,25.84037372225396,86.50053356043819,415.9864204626162
2018-09-30,East,25.473170137717712,105.5691434089366,413.1021592770588
2018-10-31,East,24.173412720182128,93.59194424660124,417.0144533681782
2018-11-30,East,23.629622384295118,87.320363384568,421.027749119029
2018-12-31,East,24.420953170046833,106.95212322578742,418.15353456368064
2019-01-31,East,24.808406421636324,92.6362534175183,419.6313800965875
2019-02-28,East,24.05886684399366,84.42526069187085,417.9717573367699
2019-03-31,East,24.358793660535472,97.66794827808529,419.44371327791595
2019-04-30,East,26.027750565595404,88.71438320737674,419.1008803597591
2019-05-31,East,24.19796349067137,90.45415477102891,417.174843518823
2019-06-30,East,27.520905748100407,103.64011798060623,417.58930368877424
2019-07-31,East,25.56238535930765,110.08272926912869,422.97942785267884
2019-08-31,East,24.973683449139834,90.01656826457557,419.92067839732
2019-09-30,East,25.219849927360286,116.04178017847252,419.23487143930623
2019-10-31,East,24.10900938708184,94.68312160676835,419.42910444245626
2019-11-30,East,25.109384991501596,104.55557846669909,421.1978201484437
2019-12-31,East,26.688741242601434,102.16885095940079,419.5229449884924
2020-01-31,East,23.85948794577259,107.91154089238812,419.36537481942446
2020-02-29,East,25.510560826877374,89.03403487354578,418.1786819986021
2020-03-31,East,26.17589727442452,111.50275897281075,421.1195423679838
2020-04-30,East,25.615608641027528,103.28474150621318,418.5432906377414
2020-05-31,East,25.316359844413924,90.00268514212439,422.43288381683504
2020-06-30,East,26.652797193336433,113.45316915426052,416.6180071092019
2020-07-31,East,27.080105563459835,107.13713924710575,424.186447864156
2020-08-31,East,24.74822717133165,90.9978051742783,420.7115863509936
2020-09-30,East,24.436805693235772,94.67380307277745,422.59277414642946
2020-10-31,East,27.275117020732022,79.95489842862571,423.69726726949386
2020-11-30,East,26.412361556553417,102.78787987581808,420.4211908729614
2020-12-31,East,25.17385084232742,100.09887932957832,421.53212355867225
2021-01-31,East,26.556545709146214,94.43907878253286,423.40666388720445
2021-02-28,East,26.013164088360792,108.41001869042574,422.861409849317
2021-03-31,East,25.86131251149483,96.22555833346058,423.55936787868814
2021-04-30,East,24.92617052536659,101.36154243777993,426.47370498358816
2021-05-31,East,24.579209245829652,97.85702730689694,421.3162646095782
2021-06-30,East,25.734622088719988,125.97558197839987,421.9831412799177
2021-07-31,East,26.65554405751518,92.62608734155812,423.2780054606153
2021-08-31,East,22.147329737884032,88.5392936129356,424.7828299666179
2021-09-30,East,25.493302116924745,104.02602520873634,421.80794945978266
2021-10-31,East,24.798964813911372,101.11041603493572,421.53331971921455
2021-11-30,East,24.376879141880835,87.10119637089528,422.37849283321145
2021-12-31,East,23.93111090178553,94.83666845844961,423.4767307798645
2022-01-31,East,24.3777667999907,84.41113573537964,424.49466566188266
2022-02-28,East,24.973497977204698,110.93827351316058,428.4043628241522
2022-03-31,East,25.00680720097414,117.0408027405243,423.9774148948911
2022-04-30,East,24.848929075939644,77.65377748557063,425.4631345069684
2022-05-31,East,23.40956992732665,118.5726081244839,425.49477915748554
2022-06-30,East,25.585534187743605,103.9516259424884,423.3523351611288
2022-07-31,East,22.82877628891706,125.05371604292591,424.63676262381364
2022-08-31,East,23.137224497875607,96.81123749016268,426.90386847604645
2022-09-30,East,26.593975618613428,95.42805137321196,419.8144689417447
2022-10-31,East,23.444576234398575,106.00744440600099,423.24175602778763
2022-11-30,East,24.433770648903227,119.28051581282703,423.96408585515337
2022-12-31,East,23.491137103394728,113.36441991954844,423.5495309561743
2023-01-31,East,25.13819419122772,101.08661897575372,425.52044607812525
2023-02-28,East,23.28085312841936,101.98024573319356,423.21287749714736
2023-03-31,East,23.4784478101901,98.58206085468606,429.29750696287147
2023-04-30,East,23.928295714573085,115.68097728169712,426.8390672938361
2023-05-31,East,24.74035007432482,105.1700728628265,423.923166529156
2023-06-30,East,23.44320071089564,99.20289069035377,426.457176811196
2023-07-31,East,24.53437288417097,109.28651670539523,426.5714187244184
2023-08-31,East,21.547690554771094,93.9850301179761,428.1637900313683
2023-09-30,East,23.958996824459117,87.80949968531505,428.9762860951207
2023-10-31,East,22.947788350959396,111.78999134459177,430.73476820668316
2023-11-30,East,25.401656484427352,124.09850820084958,429.8395812953854
2023-12-31,East,23.834248274251838,88.34390532528703,429.16640227339883
2024-01-31,East,25.14437931723042,94.79253221249625,427.7593627394739
2024-02-29,East,24.472893406451032,88.39047298042719,426.2330720036682
2024-03-31,East,23.695980990165864,108.47154957532484,426.5096270610283
2024-04-30,East,23.946119595352055,108.62071989018649,430.14474927485185
2024-05-31,East,23.540623144121565,117.79356382047395,429.22550897080856
2024-06-30,East,24.87679103657134,108.5267448632849,429.3226846702316
2024-07-31,East,22.117513295504445,117.45583643948211,429.93958615409446
2024-08-31,East,24.194314358043325,104.22561353569178,428.9188669117053
2024-09-30,East,26.161749531978916,102.91864452793611,430.6741254943613
2024-10-31,East,24.312975908499002,99.6184317455208,426.79090415952464
2024-11-30,East,24.93593435533684,104.42590758507824,431.01871565944936
2024-12-31,East,24.10437649920036,96.04767683989965,427.6828416991359
